{"cameraMode":{"drawMode":0,"name":"Shaded","section":"Shading Mode"},"sceneLighting":true,"audioPlay":false,"sceneViewState":{"m_AlwaysRefresh":false,"showFog":true,"showSkybox":true,"showFlares":true,"showImageEffects":true,"showParticleSystems":true,"showVisualEffectGraphs":true,"m_FxEnabled":true},"in2DMode":false,"pivot":{"x":14.204506874084473,"y":-0.4192490577697754,"z":-15.121345520019532},"rotation":{"x":-0.04373518005013466,"y":-0.9309085607528687,"z":0.11876706779003144,"w":-0.34270942211151125},"size":15.476333618164063,"orthographic":false}